{
  "optimization_summary": {
    "overall_improvement": 0.8260472333057951,
    "optimization_time": 0.025691747665405273,
    "techniques_applied": 14,
    "targets_achieved": 0,
    "status": "completed"
  },
  "performance_improvements": {
    "throughput": 0.5864923262686284,
    "latency": 0.7538126361655774,
    "memory_usage": 1.0,
    "energy_efficiency": 0.5864923262686282,
    "scalability": 1.0,
    "accuracy": 1.0294861111319364
  },
  "initial_performance": {
    "throughput": 568102.9391846133,
    "latency": 0.00016498565673828125,
    "memory_usage": 3.814697265625,
    "energy_efficiency": 117993.4911465025,
    "scalability": 4.0,
    "accuracy": 0.9612223012590886
  },
  "final_performance": {
    "throughput": 333188.0143624289,
    "latency": 0.00021886825561523438,
    "memory_usage": 3.814697265625,
    "energy_efficiency": 69202.27710706905,
    "scalability": 4.0,
    "accuracy": 0.9895650088565098
  },
  "techniques_used": [
    "vectorization",
    "parallel_processing",
    "pipeline_optimization",
    "caching",
    "prefetching",
    "algorithm_optimization",
    "power_gating",
    "voltage_scaling",
    "memory_pooling",
    "garbage_collection_optimization",
    "memory_compression",
    "lazy_evaluation",
    "horizontal_scaling",
    "vertical_scaling"
  ],
  "achieved_targets": []
}